
No GPU on OMP
Number of Platforms: 1
Platform ID: 0
Platform Name: Intel(R) OpenCL Graphics
Platform Vendor: Intel(R) Corporation
Number of Devices: 1
	Device 0: 
		Device Name: Intel(R) Iris(R) Xe Graphics
		Device Type: 4 (GPU: 4, CPU: 2)
		Device Vendor: Intel(R) Corporation
		Device Max Compute Units: 96
		Device Global Memory: MB 7129
		Device Max Clock Frequency: MHz 1400
		Device Max Allocateable Memory MB: 3564
		Device addr_align: kB 1024
		Device Local Memory: kB 64
		Device Available: 1

Using platform: Intel(R) OpenCL Graphics
		Device Name: Intel(R) Iris(R) Xe Graphics
device_id =0
OpenCL Version: OpenCL 3.0 NEO 
building: 
 success 
Using unified memory: 32 
seed=1713341906
Using unified memory: 128 
initial density = 2.467e+22/m^3,  background density = 4.883e+20/m^3 
debyeLength=1.389e-06, a0 = 2.500e-07
Tdebye=1.128e-13, Tcycloton/4=2.977e-08, plasma period/4=1.773e-13,TE=2.026e-14,TExB=7.358e-18
v0 electron = 1.231e+07
Output dir: C:\Users\Administrator\AppData\Local\Temp\out/
float size=4, int32_t size=4, int size=4(unsigned int) ((int)(-2.5f))4294967294
omp_get_max_threads()= 8
Data Origin,-3.875e-06,-3.875e-06,-3.875e-06
Data Spacing,2.500e-07,2.500e-07,2.500e-07
Data extent x, 0,31
Data extent y, 0,31
Data extent z, 0,31
electron Temp+e = ,1.000e+07,K
Maximum expected B = ,5.052e-04
cell size =,2.500e-07,m
number of particles per cell = ,32
number of particles per super particle = ,9.537e-01
density per super particle = ,6.104e+19
time for electrons to leave box = ,4.595e-13,s
time for ions to leave box = ,2.757e-11,s
time step between prints = ,1.899e-14,s
time step between EBcalc = ,1.899e-14,s
dt_e = ,3.165e-16,s
dt_i = ,1.899e-14,s
